{
  "gizmos-infos": {
    "is2D": true,
    "is3DIcon": false,
    "iconSize": 2,
    "gridVisible": true,
    "gridColor": [
      166,
      166,
      166,
      255
    ],
    "transformToolName": "position",
    "pivot": "pivot",
    "coordinate": "local",
    "toolsVisibility3d": true
  },
  "__version__": "1.0.0",
  "builder": {
    "taskOptionsMap": {},
    "__version__": "1.3.8"
  },
  "snap-configs": {
    "position": {
      "x": 1,
      "y": 1,
      "z": 1
    },
    "rotation": 1,
    "scale": 1,
    "isPositionSnapEnabled": false,
    "isRotationSnapEnabled": false,
    "isScaleSnapEnabled": false
  },
  "rect-snap-configs": {
    "enableSnapping": true,
    "snapThreshold": 4
  },
  "float-window": {
    "position": {
      "cc": {
        "Camera": {
          "dock": false,
          "top": null,
          "bottom": 10,
          "left": null,
          "right": 10
        }
      }
    }
  },
  "camera-infos": {
    "1b6b6f12-3b8b-420b-83ef-ac91319a992f": {
      "position": {
        "x": 640,
        "y": 360,
        "z": 5000
      },
      "rotation": {
        "x": 0,
        "y": 0,
        "z": 0,
        "w": 1
      },
      "viewCenter": {
        "x": 0,
        "y": 0,
        "z": 0
      },
      "contentRect": {
        "x": -43.99999999999993,
        "y": 6.644035970743794e-14,
        "width": 821.3333333333334,
        "height": 462
      },
      "scale": 0.6416666666666667
    },
    "1db0bf9c-6209-4d5f-b866-adb800f327bb": {
      "position": {
        "x": 97.72044679054056,
        "y": 596.2241844197139,
        "z": 5000
      },
      "rotation": {
        "x": 0,
        "y": 0,
        "z": 0,
        "w": 1
      },
      "viewCenter": {
        "x": 0,
        "y": 0,
        "z": 0
      },
      "contentRect": {
        "x": 97.72044679054058,
        "y": 596.2241844197139,
        "width": 271.80908203125017,
        "height": 440.30000000000007
      },
      "scale": 4.368055555555558
    },
    "f27732e7-11e1-4592-84a6-9aad5f3f261a": {
      "position": {
        "x": 252.369208451409,
        "y": 51.15373874617836,
        "z": 5000
      },
      "rotation": {
        "x": 0,
        "y": 0,
        "z": 0,
        "w": 1
      },
      "viewCenter": {
        "x": 0,
        "y": 0,
        "z": 0
      },
      "contentRect": {
        "x": 252.3692084514091,
        "y": 51.153738746178334,
        "width": 243.07500000000002,
        "height": 324.1
      },
      "scale": 0.7675683425094063
    },
    "d4d0538a-a7b6-417e-a74d-176c06bb2cd0": {
      "position": {
        "x": 360,
        "y": 640,
        "z": 5000
      },
      "rotation": {
        "x": 0,
        "y": 0,
        "z": 0,
        "w": 1
      },
      "viewCenter": {
        "x": 0,
        "y": 0,
        "z": 0
      },
      "contentRect": {
        "x": -410.031746031746,
        "y": 0,
        "width": 248.0625,
        "height": 441
      },
      "scale": 0.34453125
    },
    "4bf25fe8-3028-46ef-8b5f-55cb2120d310": {
      "position": {
        "x": 341.6519875028756,
        "y": 506.66212415190944,
        "z": 5000
      },
      "rotation": {
        "x": 0,
        "y": 0,
        "z": 0,
        "w": 1
      },
      "viewCenter": {
        "x": 0,
        "y": 0,
        "z": 0
      },
      "contentRect": {
        "x": 219.35260704256763,
        "y": 447.0755166309692,
        "width": 903.7,
        "height": 440.3
      },
      "scale": 3.694622150164097
    },
    "de66a903-0225-4c58-adbc-07636306df83": {
      "position": {
        "x": 360,
        "y": 640,
        "z": 5000
      },
      "rotation": {
        "x": 0,
        "y": 0,
        "z": 0,
        "w": 1
      },
      "viewCenter": {
        "x": 0,
        "y": 0,
        "z": 0
      },
      "contentRect": {
        "x": 0,
        "y": 0,
        "width": 248.0625,
        "height": 441
      },
      "scale": 0.34453125
    },
    "5caebc8d-a0bc-4ed1-9db9-43326b886c95": {
      "position": {
        "x": -1530.4213914046459,
        "y": 849.789491955876,
        "z": 5000
      },
      "rotation": {
        "x": 0,
        "y": 0,
        "z": 0,
        "w": 1
      },
      "viewCenter": {
        "x": 0,
        "y": 0,
        "z": 0
      },
      "contentRect": {
        "x": -1530.4213914046459,
        "y": 849.7894919558761,
        "width": 259.48125,
        "height": 461.3
      },
      "scale": 0.25839201402722584
    },
    "a05cc47c-3361-4831-a119-9738f261a621": {
      "position": {
        "x": 360,
        "y": 640,
        "z": 5000
      },
      "rotation": {
        "x": 0,
        "y": 0,
        "z": 0,
        "w": 1
      },
      "viewCenter": {
        "x": 0,
        "y": 0,
        "z": 0
      },
      "contentRect": {
        "x": 0,
        "y": 0,
        "width": 248.0625,
        "height": 441
      },
      "scale": 0.34453125
    },
    "162e1afd-b730-4ce9-9440-bcb8cd8940e7": {
      "position": {
        "x": 441.12671522377235,
        "y": 517.2991087537349,
        "z": 5000
      },
      "rotation": {
        "x": 0,
        "y": 0,
        "z": 0,
        "w": 1
      },
      "viewCenter": {
        "x": 0,
        "y": 0,
        "z": 0
      },
      "contentRect": {
        "x": -515.9043862562108,
        "y": 239.03436320476985,
        "width": 851.9000000000001,
        "height": 247.6970041690138
      },
      "scale": 0.4450743547846015
    }
  },
  "camera-uuids": [
    "1b6b6f12-3b8b-420b-83ef-ac91319a992f",
    "1db0bf9c-6209-4d5f-b866-adb800f327bb",
    "f27732e7-11e1-4592-84a6-9aad5f3f261a",
    "d4d0538a-a7b6-417e-a74d-176c06bb2cd0",
    "4bf25fe8-3028-46ef-8b5f-55cb2120d310",
    "de66a903-0225-4c58-adbc-07636306df83",
    "5caebc8d-a0bc-4ed1-9db9-43326b886c95",
    "a05cc47c-3361-4831-a119-9738f261a621",
    "162e1afd-b730-4ce9-9440-bcb8cd8940e7"
  ],
  "camera": {
    "color": [
      48,
      48,
      48,
      255
    ],
    "fov": 45,
    "far": 10000,
    "near": 0.01,
    "wheelSpeed": 0.01,
    "wanderSpeed": 10,
    "enableAcceleration": true,
    "size": "__default_design__",
    "far2D": 10000,
    "near2D": 1,
    "wheelSpeed2D": 6,
    "iso": 0,
    "aperture": 19,
    "shutter": 7
  }
}
